{
    "manufacturer": "leonratinckx",
    "keyboard_name": "chocobanan",
    "maintainer": "leonrat",
    "bootloader": "rp2040",
    "diode_direction": "COL2ROW",
    "features": {
        "bootmagic": true,
        "command": false,
        "console": false,
        "extrakey": true,
        "mousekey": true,
        "nkro": true
    },
    "matrix_pins": {
        "cols": ["GP5", "GP27", "GP26", "GP22", "GP20", "GP23"],
        "rows": ["GP4", "GP21", "GP7", "GP8"]
    },
    "processor": "RP2040",
    "url": "",
    "usb": {
        "device_version": "1.0.0",
        "pid": "0x0000",
        "vid": "0xFEED"
    },
    "layouts": {
        "LAYOUT": {
            "layout": [
                { "matrix": [0, 0], "x": 0, "y": 0 },
                { "matrix": [0, 1], "x": 0, "y": 0 },
                { "matrix": [0, 2], "x": 0, "y": 0 },
                { "matrix": [0, 3], "x": 0, "y": 0 },
                { "matrix": [0, 4], "x": 0, "y": 0 },
                { "matrix": [0, 5], "x": 0, "y": 0 },
                { "matrix": [1, 0], "x": 0, "y": 0 },
                { "matrix": [1, 1], "x": 0, "y": 0 },
                { "matrix": [1, 2], "x": 0, "y": 0 },
                { "matrix": [1, 3], "x": 0, "y": 0 },
                { "matrix": [1, 4], "x": 0, "y": 0 },
                { "matrix": [1, 5], "x": 0, "y": 0 },
                { "matrix": [2, 0], "x": 0, "y": 0 },
                { "matrix": [2, 1], "x": 0, "y": 0 },
                { "matrix": [2, 2], "x": 0, "y": 0 },
                { "matrix": [2, 3], "x": 0, "y": 0 },
                { "matrix": [2, 4], "x": 0, "y": 0 },
                { "matrix": [2, 5], "x": 0, "y": 0 },
                { "matrix": [3, 0], "x": 0, "y": 0 },
                { "matrix": [3, 1], "x": 0, "y": 0 },
                { "matrix": [3, 2], "x": 0, "y": 0 },
                { "matrix": [3, 3], "x": 0, "y": 0 },
                { "matrix": [3, 4], "x": 0, "y": 0 },
                { "matrix": [3, 5], "x": 0, "y": 0 }
                
            ]
        }
    }
}